edgeip,edgeport,clientip,clientport,segid,rawYaw,rawPitch,rawRoll,clienreqts,edgereqts,edgerecvts,clientrecvts
140.114.77.125,9487,140.114.77.125,38338,3,-120.036058333,0.103563888889,-3.993,1524420851.775,1524420857.667,1524420857.966,1524420858.083
140.114.77.125,9487,140.114.77.125,38362,3,-120.036058333,0.103563888889,-3.993,1524420859.520,1524420865.431,1524420865.731,1524420865.842
140.114.77.125,9487,140.114.77.125,38386,3,-120.036058333,0.103563888889,-3.993,1524420868.988,1524420874.937,1524420875.231,1524420875.345
