serverip,serverport,serverts,clientip,clientport,clientts,segid,rawYaw,rawPitch,rawRoll
140.114.77.125,9487,1521512193.18,140.114.77.125,33214,1521512193.18,3,-120.036058333,0.103563888889,-3.993
